,StationId,StationName,Date,PM2.5,NOx,SO2,O3,Temp,RH,WS
0,MH009,"Kurla, Mumbai - MPCB",2019-06-06,19.95,65.0,,8.81,,,
1,MH009,"Kurla, Mumbai - MPCB",2019-06-07,17.62,64.21,,7.25,,,
2,MH009,"Kurla, Mumbai - MPCB",2019-06-08,18.9,67.02,,6.26,,,
3,MH009,"Kurla, Mumbai - MPCB",2019-06-09,20.57,70.96,,5.38,,,
4,MH009,"Kurla, Mumbai - MPCB",2019-06-10,23.48,67.74,,9.35,,,
5,MH009,"Kurla, Mumbai - MPCB",2019-06-11,22.03,71.34,,23.07,,,
6,MH009,"Kurla, Mumbai - MPCB",2019-06-12,16.85,48.57,,12.03,,,
7,MH009,"Kurla, Mumbai - MPCB",2019-06-13,20.25,45.71,,7.39,,,
8,MH009,"Kurla, Mumbai - MPCB",2019-06-14,16.17,54.28,,4.99,,,
9,MH009,"Kurla, Mumbai - MPCB",2019-06-15,14.27,60.77,,4.72,,,
10,MH009,"Kurla, Mumbai - MPCB",2019-06-16,12.34,52.82,,5.73,,,
11,MH009,"Kurla, Mumbai - MPCB",2019-06-17,13.96,52.57,,5.3,,,
12,MH009,"Kurla, Mumbai - MPCB",2019-06-18,17.62,54.47,,5.04,,,
13,MH009,"Kurla, Mumbai - MPCB",2019-06-19,18.98,82.57,,4.2,,,
14,MH009,"Kurla, Mumbai - MPCB",2019-06-20,21.16,93.27,,4.7,,,
15,MH009,"Kurla, Mumbai - MPCB",2019-06-21,24.02,87.09,,4.79,,,
16,MH009,"Kurla, Mumbai - MPCB",2019-06-22,24.76,93.76,,4.62,,,
17,MH009,"Kurla, Mumbai - MPCB",2019-06-23,25.87,94.7,,4.7,,,
18,MH009,"Kurla, Mumbai - MPCB",2019-06-24,28.96,88.07,,4.39,,,
19,MH009,"Kurla, Mumbai - MPCB",2019-06-25,25.47,110.26,,4.66,,,
20,MH009,"Kurla, Mumbai - MPCB",2019-06-26,22.55,105.0,,4.5,,,
21,MH009,"Kurla, Mumbai - MPCB",2019-06-27,20.62,101.76,,4.56,,,
22,MH009,"Kurla, Mumbai - MPCB",2019-06-28,8.19,103.98,,4.79,,,
23,MH009,"Kurla, Mumbai - MPCB",2019-06-29,12.03,86.31,,4.86,,,
24,MH009,"Kurla, Mumbai - MPCB",2019-06-30,17.12,79.53,,4.96,,,
25,MH009,"Kurla, Mumbai - MPCB",2019-07-01,10.2,72.62,,7.21,,,
26,MH009,"Kurla, Mumbai - MPCB",2019-07-02,17.19,95.48,,6.55,,,
27,MH009,"Kurla, Mumbai - MPCB",2019-07-03,22.18,155.23,,7.09,,,
28,MH009,"Kurla, Mumbai - MPCB",2019-07-04,23.96,146.97,,6.45,,,
29,MH009,"Kurla, Mumbai - MPCB",2019-07-05,21.36,175.09,,6.35,,,
30,MH009,"Kurla, Mumbai - MPCB",2019-07-06,12.76,123.97,,5.91,,,
31,MH009,"Kurla, Mumbai - MPCB",2019-07-07,19.18,117.93,,6.57,,,
32,MH009,"Kurla, Mumbai - MPCB",2019-07-08,11.68,112.32,,5.56,,,
33,MH009,"Kurla, Mumbai - MPCB",2019-07-09,22.81,94.23,,5.09,,,
34,MH009,"Kurla, Mumbai - MPCB",2019-07-10,13.22,109.91,,5.04,,,
35,MH009,"Kurla, Mumbai - MPCB",2019-07-11,21.2,113.22,,5.95,,,
36,MH009,"Kurla, Mumbai - MPCB",2019-07-12,15.98,105.02,,5.18,,,
37,MH009,"Kurla, Mumbai - MPCB",2019-07-13,15.98,120.19,,5.53,,,
38,MH009,"Kurla, Mumbai - MPCB",2019-07-14,15.03,151.84,,5.57,,,
39,MH009,"Kurla, Mumbai - MPCB",2019-07-15,18.28,119.31,,5.64,,,
40,MH009,"Kurla, Mumbai - MPCB",2019-07-16,20.54,118.77,,5.5,,,
41,MH009,"Kurla, Mumbai - MPCB",2019-07-17,27.5,122.63,,5.08,,,
42,MH009,"Kurla, Mumbai - MPCB",2019-07-18,22.94,114.93,,5.19,,,
43,MH009,"Kurla, Mumbai - MPCB",2019-07-19,23.92,109.25,,5.02,,,
44,MH009,"Kurla, Mumbai - MPCB",2019-07-20,22.37,97.96,,5.48,,,
45,MH009,"Kurla, Mumbai - MPCB",2019-07-21,23.56,109.35,,5.63,,,
46,MH009,"Kurla, Mumbai - MPCB",2019-07-22,11.02,91.19,,5.76,,,
47,MH009,"Kurla, Mumbai - MPCB",2019-07-23,13.29,87.49,,6.04,,,
48,MH009,"Kurla, Mumbai - MPCB",2019-07-24,13.14,110.11,,6.09,,,
49,MH009,"Kurla, Mumbai - MPCB",2019-07-25,23.37,121.56,,6.07,,,
50,MH009,"Kurla, Mumbai - MPCB",2019-07-26,16.58,107.83,,5.24,,,
51,MH009,"Kurla, Mumbai - MPCB",2019-07-27,12.39,74.62,,4.06,,,
52,MH009,"Kurla, Mumbai - MPCB",2019-07-28,20.66,88.46,,4.55,,,
53,MH009,"Kurla, Mumbai - MPCB",2019-07-29,16.44,96.6,,4.7,,,
54,MH009,"Kurla, Mumbai - MPCB",2019-07-30,13.59,135.05,,7.5,,,
55,MH009,"Kurla, Mumbai - MPCB",2019-07-31,14.92,146.16,,4.67,,,
56,MH009,"Kurla, Mumbai - MPCB",2019-08-01,15.61,126.77,,4.61,,,
57,MH009,"Kurla, Mumbai - MPCB",2019-08-02,7.81,113.8,,5.52,,,
58,MH009,"Kurla, Mumbai - MPCB",2019-08-03,5.25,94.21,,3.61,,,
59,MH009,"Kurla, Mumbai - MPCB",2019-08-04,6.61,81.09,,4.59,,,
60,MH009,"Kurla, Mumbai - MPCB",2019-08-05,14.38,102.16,,3.82,,,
61,MH009,"Kurla, Mumbai - MPCB",2019-08-06,15.29,130.76,,3.36,,,
62,MH009,"Kurla, Mumbai - MPCB",2019-08-07,14.9,103.18,,3.17,,,
63,MH009,"Kurla, Mumbai - MPCB",2019-08-08,19.12,102.64,,4.15,,,
64,MH009,"Kurla, Mumbai - MPCB",2019-08-09,20.11,98.78,,5.05,,,
65,MH009,"Kurla, Mumbai - MPCB",2019-08-10,21.37,97.07,,4.02,,,
66,MH009,"Kurla, Mumbai - MPCB",2019-08-11,22.73,106.85,,3.81,,,
67,MH009,"Kurla, Mumbai - MPCB",2019-08-12,16.5,108.44,,3.98,,,
68,MH009,"Kurla, Mumbai - MPCB",2019-08-13,18.77,119.35,,4.22,,,
69,MH009,"Kurla, Mumbai - MPCB",2019-08-14,21.17,124.46,,9.16,,,
70,MH009,"Kurla, Mumbai - MPCB",2019-08-15,14.29,110.78,,5.98,,,
71,MH009,"Kurla, Mumbai - MPCB",2019-08-16,13.76,100.96,,6.01,,,
72,MH009,"Kurla, Mumbai - MPCB",2019-08-17,25.09,104.0,,5.95,,,
73,MH009,"Kurla, Mumbai - MPCB",2019-08-18,15.67,114.41,,6.19,,,
74,MH009,"Kurla, Mumbai - MPCB",2019-08-19,15.33,99.05,,6.12,,,
75,MH009,"Kurla, Mumbai - MPCB",2019-08-20,18.97,78.34,,6.18,,,
76,MH009,"Kurla, Mumbai - MPCB",2019-08-21,15.95,70.2,,6.21,,,
77,MH009,"Kurla, Mumbai - MPCB",2019-08-22,13.78,76.16,,6.16,,,
78,MH009,"Kurla, Mumbai - MPCB",2019-08-23,17.44,77.6,,6.1,,,
79,MH009,"Kurla, Mumbai - MPCB",2019-08-24,22.58,93.18,,6.36,,,
80,MH009,"Kurla, Mumbai - MPCB",2019-08-25,17.68,107.12,,6.32,,,
81,MH009,"Kurla, Mumbai - MPCB",2019-08-26,17.99,91.34,,6.34,,,
82,MH009,"Kurla, Mumbai - MPCB",2019-08-27,17.73,87.74,,6.24,,,
83,MH009,"Kurla, Mumbai - MPCB",2019-08-28,18.45,68.22,,6.18,,,
84,MH009,"Kurla, Mumbai - MPCB",2019-08-29,17.19,77.38,,6.29,,,
85,MH009,"Kurla, Mumbai - MPCB",2019-08-30,15.58,89.23,,6.33,,,
86,MH009,"Kurla, Mumbai - MPCB",2019-08-31,17.77,115.75,,6.75,,,
87,MH009,"Kurla, Mumbai - MPCB",2019-09-01,15.39,124.15,,6.54,,,
88,MH009,"Kurla, Mumbai - MPCB",2019-09-02,16.99,101.14,,6.14,,,
89,MH009,"Kurla, Mumbai - MPCB",2019-09-03,9.55,91.15,,6.35,,,
90,MH009,"Kurla, Mumbai - MPCB",2019-09-04,7.57,63.5,,6.24,,,
91,MH009,"Kurla, Mumbai - MPCB",2019-09-05,5.7,43.05,,6.38,,,
92,MH009,"Kurla, Mumbai - MPCB",2019-09-06,8.96,55.82,,5.24,,,
93,MH009,"Kurla, Mumbai - MPCB",2019-09-07,12.6,60.17,,5.51,,,
94,MH009,"Kurla, Mumbai - MPCB",2019-09-08,11.98,68.98,,6.4,,,
95,MH009,"Kurla, Mumbai - MPCB",2019-09-09,15.7,59.99,,5.75,,,
96,MH009,"Kurla, Mumbai - MPCB",2019-09-10,24.83,46.88,,5.77,,,
97,MH009,"Kurla, Mumbai - MPCB",2019-09-11,20.8,74.6,,4.57,,,
98,MH009,"Kurla, Mumbai - MPCB",2019-09-12,14.9,36.43,,4.8,,,
99,MH009,"Kurla, Mumbai - MPCB",2019-09-13,17.62,88.03,,3.57,,,
100,MH009,"Kurla, Mumbai - MPCB",2019-09-14,19.13,73.4,,6.86,,,
101,MH009,"Kurla, Mumbai - MPCB",2019-09-15,13.57,47.41,,16.48,,,
102,MH009,"Kurla, Mumbai - MPCB",2019-09-16,18.09,96.5,,6.67,,,
103,MH009,"Kurla, Mumbai - MPCB",2019-09-17,46.3,82.77,,9.81,,,
104,MH009,"Kurla, Mumbai - MPCB",2019-09-18,18.52,89.87,,8.22,,,
105,MH009,"Kurla, Mumbai - MPCB",2019-09-19,23.06,75.16,,20.04,,,
106,MH009,"Kurla, Mumbai - MPCB",2019-09-20,14.54,69.39,,9.09,,,
107,MH009,"Kurla, Mumbai - MPCB",2019-09-21,8.73,37.81,,13.23,,,
108,MH009,"Kurla, Mumbai - MPCB",2019-09-22,13.85,41.18,,12.29,,,
109,MH009,"Kurla, Mumbai - MPCB",2019-09-23,18.47,48.87,,6.65,,,
110,MH009,"Kurla, Mumbai - MPCB",2019-09-24,18.29,40.95,,16.09,,,
111,MH009,"Kurla, Mumbai - MPCB",2019-09-25,25.11,72.68,,8.55,,,
112,MH009,"Kurla, Mumbai - MPCB",2019-09-26,17.32,53.06,,11.57,,,
113,MH009,"Kurla, Mumbai - MPCB",2019-09-27,10.48,40.27,,8.98,,,
114,MH009,"Kurla, Mumbai - MPCB",2019-09-28,8.2,42.09,,5.85,,,
115,MH009,"Kurla, Mumbai - MPCB",2019-09-29,11.26,38.14,,5.97,,,
116,MH009,"Kurla, Mumbai - MPCB",2019-09-30,12.42,67.03,,2.01,,,
117,MH009,"Kurla, Mumbai - MPCB",2019-10-01,18.08,68.54,,3.33,,,
118,MH009,"Kurla, Mumbai - MPCB",2019-10-02,23.22,61.49,,6.79,,,
119,MH009,"Kurla, Mumbai - MPCB",2019-10-03,19.36,49.21,,9.67,,,
120,MH009,"Kurla, Mumbai - MPCB",2019-10-04,29.58,55.46,,12.17,,,
121,MH009,"Kurla, Mumbai - MPCB",2019-10-05,36.05,61.35,,21.89,,,
122,MH009,"Kurla, Mumbai - MPCB",2019-10-06,38.74,76.15,,33.92,,,
123,MH009,"Kurla, Mumbai - MPCB",2019-10-07,49.75,52.61,,37.8,,,
124,MH009,"Kurla, Mumbai - MPCB",2019-10-08,67.55,52.64,,40.24,,,
125,MH009,"Kurla, Mumbai - MPCB",2019-10-09,28.33,66.5,,27.04,,,
126,MH009,"Kurla, Mumbai - MPCB",2019-10-10,37.01,81.46,,35.68,,,
127,MH009,"Kurla, Mumbai - MPCB",2019-10-11,61.37,81.3,,39.48,,,
128,MH009,"Kurla, Mumbai - MPCB",2019-10-12,49.1,84.57,,67.87,,,
129,MH009,"Kurla, Mumbai - MPCB",2019-10-13,43.31,75.82,,35.39,,,
130,MH009,"Kurla, Mumbai - MPCB",2019-10-14,50.52,61.6,,38.36,,,
131,MH009,"Kurla, Mumbai - MPCB",2019-10-15,49.83,62.91,,50.65,,,
132,MH009,"Kurla, Mumbai - MPCB",2019-10-16,45.24,60.4,,51.89,,,
133,MH009,"Kurla, Mumbai - MPCB",2019-10-17,57.34,62.09,,62.46,,,
134,MH009,"Kurla, Mumbai - MPCB",2019-10-18,67.07,74.4,,21.2,,,
135,MH009,"Kurla, Mumbai - MPCB",2019-10-19,27.36,56.73,,8.63,,,
136,MH009,"Kurla, Mumbai - MPCB",2019-10-20,14.23,43.54,,14.68,,,
137,MH009,"Kurla, Mumbai - MPCB",2019-10-21,20.95,42.07,,24.83,,,
138,MH009,"Kurla, Mumbai - MPCB",2019-10-22,28.03,53.5,,18.67,,,
139,MH009,"Kurla, Mumbai - MPCB",2019-10-23,21.45,68.18,,4.3,,,
140,MH009,"Kurla, Mumbai - MPCB",2019-10-24,35.32,63.57,,10.49,,,
141,MH009,"Kurla, Mumbai - MPCB",2019-10-25,20.53,36.21,,13.68,,,
142,MH009,"Kurla, Mumbai - MPCB",2019-10-26,34.28,63.93,,12.14,,,
143,MH009,"Kurla, Mumbai - MPCB",2019-10-27,52.96,64.81,,14.33,,,
144,MH009,"Kurla, Mumbai - MPCB",2019-10-28,72.43,49.73,,21.91,,,
145,MH009,"Kurla, Mumbai - MPCB",2019-10-29,78.25,50.16,,37.05,,,
146,MH009,"Kurla, Mumbai - MPCB",2019-10-30,54.6,46.46,,31.0,,,
147,MH009,"Kurla, Mumbai - MPCB",2019-10-31,24.89,40.51,,22.21,,,
148,MH009,"Kurla, Mumbai - MPCB",2019-11-01,17.45,43.46,,18.95,,,
149,MH009,"Kurla, Mumbai - MPCB",2019-11-02,14.86,48.9,,10.99,,,
150,MH009,"Kurla, Mumbai - MPCB",2019-11-03,25.91,66.93,,11.41,,,
151,MH009,"Kurla, Mumbai - MPCB",2019-11-04,34.15,43.83,,24.97,,,
152,MH009,"Kurla, Mumbai - MPCB",2019-11-05,44.13,46.18,,36.29,,,
153,MH009,"Kurla, Mumbai - MPCB",2019-11-06,62.24,88.23,,22.07,,,
154,MH009,"Kurla, Mumbai - MPCB",2019-11-07,19.22,37.86,,11.64,,,
155,MH009,"Kurla, Mumbai - MPCB",2019-11-08,22.29,67.39,,11.06,,,
156,MH009,"Kurla, Mumbai - MPCB",2019-11-09,35.24,70.43,,13.68,,,
157,MH009,"Kurla, Mumbai - MPCB",2019-11-10,72.12,79.35,,22.76,,,
158,MH009,"Kurla, Mumbai - MPCB",2019-11-11,63.69,64.79,,41.05,,,
159,MH009,"Kurla, Mumbai - MPCB",2019-11-12,77.55,73.0,,41.36,,,
160,MH009,"Kurla, Mumbai - MPCB",2019-11-13,74.48,91.23,,47.93,,,
161,MH009,"Kurla, Mumbai - MPCB",2019-11-14,68.04,70.96,,46.86,,,
162,MH009,"Kurla, Mumbai - MPCB",2019-11-15,72.43,91.02,,45.6,,,
163,MH009,"Kurla, Mumbai - MPCB",2019-11-16,82.04,76.52,,52.5,,,
164,MH009,"Kurla, Mumbai - MPCB",2019-11-17,71.06,57.58,,54.8,,,
165,MH009,"Kurla, Mumbai - MPCB",2019-11-18,74.27,62.97,,72.13,,,
166,MH009,"Kurla, Mumbai - MPCB",2019-11-19,100.62,98.67,,53.81,,,
167,MH009,"Kurla, Mumbai - MPCB",2019-11-20,100.92,105.89,,40.98,,,
168,MH009,"Kurla, Mumbai - MPCB",2019-11-21,97.48,88.5,,47.67,,,
169,MH009,"Kurla, Mumbai - MPCB",2019-11-22,95.15,99.2,,46.71,,,
170,MH009,"Kurla, Mumbai - MPCB",2019-11-23,92.67,105.39,,40.07,,,
171,MH009,"Kurla, Mumbai - MPCB",2019-11-24,90.39,100.73,,56.03,,,
172,MH009,"Kurla, Mumbai - MPCB",2019-11-25,97.92,96.04,,56.44,,,
173,MH009,"Kurla, Mumbai - MPCB",2019-11-26,92.26,102.42,,53.02,,,
174,MH009,"Kurla, Mumbai - MPCB",2019-11-27,75.95,102.14,,55.18,,,
175,MH009,"Kurla, Mumbai - MPCB",2019-11-28,77.3,115.02,,54.58,,,
176,MH009,"Kurla, Mumbai - MPCB",2019-11-29,85.32,125.33,,42.58,,,
177,MH009,"Kurla, Mumbai - MPCB",2019-11-30,88.92,99.75,,48.06,,,
178,MH009,"Kurla, Mumbai - MPCB",2019-12-01,98.74,117.1,,37.3,,,
179,MH009,"Kurla, Mumbai - MPCB",2019-12-02,66.25,81.83,,45.54,,,
180,MH009,"Kurla, Mumbai - MPCB",2019-12-03,46.87,95.41,,28.76,,,
181,MH009,"Kurla, Mumbai - MPCB",2019-12-04,50.67,87.75,,36.07,,,
182,MH009,"Kurla, Mumbai - MPCB",2019-12-05,73.34,86.2,,30.83,,,
183,MH009,"Kurla, Mumbai - MPCB",2019-12-06,82.64,61.75,,44.97,,,
184,MH009,"Kurla, Mumbai - MPCB",2019-12-07,96.49,93.3,,58.66,,,
185,MH009,"Kurla, Mumbai - MPCB",2019-12-08,91.16,73.75,,68.63,,,
186,MH009,"Kurla, Mumbai - MPCB",2019-12-09,83.63,87.42,,58.04,,,
187,MH009,"Kurla, Mumbai - MPCB",2019-12-10,83.57,102.6,,43.72,,,
188,MH009,"Kurla, Mumbai - MPCB",2019-12-11,106.14,119.85,,30.55,,,
189,MH009,"Kurla, Mumbai - MPCB",2019-12-12,106.54,118.55,,42.62,,,
190,MH009,"Kurla, Mumbai - MPCB",2019-12-13,77.33,74.6,,54.93,,,
191,MH009,"Kurla, Mumbai - MPCB",2019-12-14,60.7,88.35,,37.21,,,
192,MH009,"Kurla, Mumbai - MPCB",2019-12-15,81.08,105.67,,37.53,,,
193,MH009,"Kurla, Mumbai - MPCB",2019-12-16,96.0,97.84,,36.1,,,
194,MH009,"Kurla, Mumbai - MPCB",2019-12-17,87.89,85.05,,45.96,,,
195,MH009,"Kurla, Mumbai - MPCB",2019-12-18,75.43,66.25,,53.97,,,
196,MH009,"Kurla, Mumbai - MPCB",2019-12-19,78.6,81.85,,51.17,,,
197,MH009,"Kurla, Mumbai - MPCB",2019-12-20,107.62,136.47,,39.55,,,
198,MH009,"Kurla, Mumbai - MPCB",2019-12-21,102.3,108.28,,42.35,,,
199,MH009,"Kurla, Mumbai - MPCB",2019-12-22,107.59,112.22,,45.0,,,
200,MH009,"Kurla, Mumbai - MPCB",2019-12-23,102.29,123.31,,30.3,,,
201,MH009,"Kurla, Mumbai - MPCB",2019-12-24,132.51,129.69,,34.1,,,
202,MH009,"Kurla, Mumbai - MPCB",2019-12-25,144.19,98.42,,43.24,,,
203,MH009,"Kurla, Mumbai - MPCB",2019-12-26,98.89,82.93,,37.23,,,
204,MH009,"Kurla, Mumbai - MPCB",2019-12-27,96.13,98.3,,36.35,,,
205,MH009,"Kurla, Mumbai - MPCB",2019-12-28,87.23,76.73,,45.93,,,
206,MH009,"Kurla, Mumbai - MPCB",2019-12-29,85.88,87.24,,49.0,,,
207,MH009,"Kurla, Mumbai - MPCB",2019-12-30,100.26,109.56,,46.24,,,
208,MH009,"Kurla, Mumbai - MPCB",2019-12-31,77.02,84.17,,64.87,,,
209,MH009,"Kurla, Mumbai - MPCB",2020-01-01,118.4,112.3,,61.89,21.61,64.43,1.27
210,MH009,"Kurla, Mumbai - MPCB",2020-01-02,125.51,83.66,,55.77,22.55,70.57,1.36
211,MH009,"Kurla, Mumbai - MPCB",2020-01-03,104.51,60.82,,75.12,22.18,66.18,1.51
212,MH009,"Kurla, Mumbai - MPCB",2020-01-04,115.54,75.62,,65.85,21.13,65.78,1.42
213,MH009,"Kurla, Mumbai - MPCB",2020-01-05,101.36,79.71,,52.38,23.11,63.15,1.91
214,MH009,"Kurla, Mumbai - MPCB",2020-01-06,74.86,79.39,,62.42,25.08,61.4,2.17
215,MH009,"Kurla, Mumbai - MPCB",2020-01-07,83.01,122.24,,42.06,25.28,68.46,1.26
216,MH009,"Kurla, Mumbai - MPCB",2020-01-08,59.02,64.3,,52.17,24.83,66.82,1.28
217,MH009,"Kurla, Mumbai - MPCB",2020-01-09,59.76,82.42,,60.2,22.67,60.31,1.38
218,MH009,"Kurla, Mumbai - MPCB",2020-01-10,60.07,93.4,,57.95,24.05,57.93,1.81
219,MH009,"Kurla, Mumbai - MPCB",2020-01-11,71.88,109.12,,58.14,25.92,59.25,1.89
220,MH009,"Kurla, Mumbai - MPCB",2020-01-12,82.47,129.69,,38.41,25.62,67.39,1.33
221,MH009,"Kurla, Mumbai - MPCB",2020-01-13,62.91,59.19,,32.24,24.74,76.22,1.43
222,MH009,"Kurla, Mumbai - MPCB",2020-01-14,23.15,49.63,,39.84,23.45,70.14,1.71
223,MH009,"Kurla, Mumbai - MPCB",2020-01-15,34.09,65.77,,48.78,22.0,58.52,1.61
224,MH009,"Kurla, Mumbai - MPCB",2020-01-16,38.26,48.15,,70.82,20.55,56.98,1.99
225,MH009,"Kurla, Mumbai - MPCB",2020-01-17,61.27,82.41,,58.95,19.26,54.44,1.57
226,MH009,"Kurla, Mumbai - MPCB",2020-01-18,97.67,119.69,,50.73,21.97,57.3,1.28
227,MH009,"Kurla, Mumbai - MPCB",2020-01-19,109.22,133.52,,55.57,23.49,62.73,1.24
228,MH009,"Kurla, Mumbai - MPCB",2020-01-20,94.98,133.66,,62.33,24.78,62.02,1.38
229,MH009,"Kurla, Mumbai - MPCB",2020-01-21,89.38,161.21,,38.46,24.52,63.48,1.19
230,MH009,"Kurla, Mumbai - MPCB",2020-01-22,84.43,157.79,,47.53,25.29,59.22,1.28
231,MH009,"Kurla, Mumbai - MPCB",2020-01-23,92.06,110.37,,58.57,26.03,58.71,1.59
232,MH009,"Kurla, Mumbai - MPCB",2020-01-24,71.52,110.0,,55.77,26.71,57.35,1.46
233,MH009,"Kurla, Mumbai - MPCB",2020-01-25,92.8,150.91,,52.18,26.33,59.53,1.34
234,MH009,"Kurla, Mumbai - MPCB",2020-01-26,105.4,157.89,,50.13,26.05,60.59,1.12
235,MH009,"Kurla, Mumbai - MPCB",2020-01-27,74.64,85.77,,39.64,24.14,70.42,1.55
236,MH009,"Kurla, Mumbai - MPCB",2020-01-28,27.4,72.91,,25.88,23.56,69.8,1.52
237,MH009,"Kurla, Mumbai - MPCB",2020-01-29,22.09,45.69,,64.49,21.79,62.27,1.8
238,MH009,"Kurla, Mumbai - MPCB",2020-01-30,63.65,80.36,,70.02,21.38,56.76,1.53
239,MH009,"Kurla, Mumbai - MPCB",2020-01-31,85.39,108.61,,60.58,21.94,60.48,1.46
240,MH009,"Kurla, Mumbai - MPCB",2020-02-01,88.0,128.15,,57.51,22.86,62.68,1.18
241,MH009,"Kurla, Mumbai - MPCB",2020-02-02,91.19,141.33,,56.56,24.01,66.17,1.33
242,MH009,"Kurla, Mumbai - MPCB",2020-02-03,88.92,116.36,,49.01,23.48,75.39,1.31
243,MH009,"Kurla, Mumbai - MPCB",2020-02-04,76.72,68.22,,84.32,23.48,65.93,1.43
244,MH009,"Kurla, Mumbai - MPCB",2020-02-05,78.52,112.24,,60.7,23.38,53.28,1.34
245,MH009,"Kurla, Mumbai - MPCB",2020-02-06,61.35,74.24,,79.91,23.12,52.22,1.58
246,MH009,"Kurla, Mumbai - MPCB",2020-02-07,66.17,89.24,,65.51,21.72,52.12,1.55
247,MH009,"Kurla, Mumbai - MPCB",2020-02-08,75.63,72.69,,72.3,22.86,60.82,1.82
248,MH009,"Kurla, Mumbai - MPCB",2020-02-09,75.93,49.18,,81.93,24.43,55.33,2.58
249,MH009,"Kurla, Mumbai - MPCB",2020-02-10,58.47,56.05,,79.26,26.36,54.11,2.36
250,MH009,"Kurla, Mumbai - MPCB",2020-02-11,65.37,73.16,,52.14,26.86,59.04,1.59
251,MH009,"Kurla, Mumbai - MPCB",2020-02-12,61.09,81.12,,55.67,27.65,56.9,1.93
252,MH009,"Kurla, Mumbai - MPCB",2020-02-13,71.61,110.36,,39.17,27.48,55.76,1.47
253,MH009,"Kurla, Mumbai - MPCB",2020-02-14,64.79,90.02,,63.37,27.98,43.94,1.61
254,MH009,"Kurla, Mumbai - MPCB",2020-02-15,64.26,121.96,,45.85,26.68,41.97,1.44
255,MH009,"Kurla, Mumbai - MPCB",2020-02-16,85.81,102.62,,75.14,26.06,51.69,1.43
256,MH009,"Kurla, Mumbai - MPCB",2020-02-17,118.91,149.52,,58.56,27.65,54.17,1.53
257,MH009,"Kurla, Mumbai - MPCB",2020-02-18,93.17,125.86,,62.68,29.07,48.55,1.66
258,MH009,"Kurla, Mumbai - MPCB",2020-02-19,87.61,137.04,,53.68,27.81,55.77,1.45
259,MH009,"Kurla, Mumbai - MPCB",2020-02-20,71.22,121.33,,28.71,27.21,54.34,1.3
260,MH009,"Kurla, Mumbai - MPCB",2020-02-21,48.42,87.29,,22.71,26.41,56.18,1.39
261,MH009,"Kurla, Mumbai - MPCB",2020-02-22,77.0,119.36,,48.73,26.71,49.25,1.25
262,MH009,"Kurla, Mumbai - MPCB",2020-02-23,92.47,142.94,,58.87,27.28,47.21,1.39
263,MH009,"Kurla, Mumbai - MPCB",2020-02-24,107.47,136.73,,53.68,26.36,56.36,1.32
264,MH009,"Kurla, Mumbai - MPCB",2020-02-25,51.97,69.3,,53.04,28.19,33.26,1.72
265,MH009,"Kurla, Mumbai - MPCB",2020-02-26,46.66,61.89,,75.74,28.02,33.76,2.41
266,MH009,"Kurla, Mumbai - MPCB",2020-02-27,58.28,95.88,,78.47,27.95,36.41,1.9
267,MH009,"Kurla, Mumbai - MPCB",2020-02-28,80.83,175.31,,60.0,27.08,42.56,1.35
268,MH009,"Kurla, Mumbai - MPCB",2020-02-29,75.65,157.19,,35.58,26.5,53.23,1.39
269,MH009,"Kurla, Mumbai - MPCB",2020-03-01,32.83,95.17,,27.24,26.03,62.96,1.59
270,MH009,"Kurla, Mumbai - MPCB",2020-03-02,53.04,110.63,,16.62,25.39,63.22,1.37
271,MH009,"Kurla, Mumbai - MPCB",2020-03-03,44.33,66.81,,27.98,25.21,70.0,1.47
272,MH009,"Kurla, Mumbai - MPCB",2020-03-04,31.46,70.86,,28.13,24.56,68.78,1.75
273,MH009,"Kurla, Mumbai - MPCB",2020-03-05,21.75,57.05,,23.45,24.58,71.34,1.71
274,MH009,"Kurla, Mumbai - MPCB",2020-03-06,17.79,75.14,,13.35,25.29,66.08,1.54
275,MH009,"Kurla, Mumbai - MPCB",2020-03-07,9.09,46.47,,39.62,24.32,66.38,1.78
276,MH009,"Kurla, Mumbai - MPCB",2020-03-08,29.38,59.39,,48.32,24.09,62.28,1.55
277,MH009,"Kurla, Mumbai - MPCB",2020-03-09,48.01,62.55,,38.56,24.4,69.06,1.53
278,MH009,"Kurla, Mumbai - MPCB",2020-03-10,61.76,48.86,,26.98,24.96,69.8,1.39
279,MH009,"Kurla, Mumbai - MPCB",2020-03-11,15.37,46.68,,34.01,24.65,61.89,1.82
280,MH009,"Kurla, Mumbai - MPCB",2020-03-12,19.71,49.22,,36.06,23.88,62.8,1.97
281,MH009,"Kurla, Mumbai - MPCB",2020-03-13,22.91,41.07,,67.95,23.54,54.25,2.03
282,MH009,"Kurla, Mumbai - MPCB",2020-03-14,32.49,60.96,,77.62,24.93,47.29,1.83
283,MH009,"Kurla, Mumbai - MPCB",2020-03-15,61.67,123.45,,66.59,26.91,42.26,1.46
284,MH009,"Kurla, Mumbai - MPCB",2020-03-16,69.07,139.52,,64.89,28.61,39.45,1.5
285,MH009,"Kurla, Mumbai - MPCB",2020-03-17,90.48,195.44,,55.89,28.36,44.35,1.44
286,MH009,"Kurla, Mumbai - MPCB",2020-03-18,61.01,156.07,,31.89,28.42,47.71,1.33
287,MH009,"Kurla, Mumbai - MPCB",2020-03-19,35.37,71.54,,34.93,27.01,56.11,1.58
288,MH009,"Kurla, Mumbai - MPCB",2020-03-20,32.85,83.61,,13.05,25.84,67.59,1.53
289,MH009,"Kurla, Mumbai - MPCB",2020-03-21,22.13,48.21,,24.03,25.45,70.32,1.71
290,MH009,"Kurla, Mumbai - MPCB",2020-03-22,17.42,15.32,,30.61,26.76,69.44,1.73
291,MH009,"Kurla, Mumbai - MPCB",2020-03-23,25.46,17.87,,39.81,28.18,66.27,1.58
292,MH009,"Kurla, Mumbai - MPCB",2020-03-24,40.58,26.48,,42.52,28.56,63.88,1.31
293,MH009,"Kurla, Mumbai - MPCB",2020-03-25,30.5,17.61,,28.55,28.24,71.7,1.3
294,MH009,"Kurla, Mumbai - MPCB",2020-03-26,30.42,21.95,,28.16,28.18,72.17,1.39
295,MH009,"Kurla, Mumbai - MPCB",2020-03-27,27.08,13.6,,46.55,28.16,69.22,1.71
296,MH009,"Kurla, Mumbai - MPCB",2020-03-28,29.46,17.65,,58.79,28.53,54.99,1.71
297,MH009,"Kurla, Mumbai - MPCB",2020-03-29,23.75,13.54,,78.85,29.01,51.83,1.58
298,MH009,"Kurla, Mumbai - MPCB",2020-03-30,23.54,15.59,,63.01,28.12,55.77,1.51
299,MH009,"Kurla, Mumbai - MPCB",2020-03-31,25.25,15.99,,42.15,27.57,63.89,1.66
300,MH009,"Kurla, Mumbai - MPCB",2020-04-01,19.96,13.76,,46.46,27.9,65.76,1.56
301,MH009,"Kurla, Mumbai - MPCB",2020-04-02,24.0,13.97,,57.31,28.5,65.6,1.66
302,MH009,"Kurla, Mumbai - MPCB",2020-04-03,,10.72,,39.15,28.68,66.61,1.66
303,MH009,"Kurla, Mumbai - MPCB",2020-04-04,,14.38,,33.12,28.46,70.43,1.48
304,MH009,"Kurla, Mumbai - MPCB",2020-04-05,,12.24,,33.08,27.99,74.02,1.45
305,MH009,"Kurla, Mumbai - MPCB",2020-04-06,,12.08,,21.09,27.59,77.4,1.49
306,MH009,"Kurla, Mumbai - MPCB",2020-04-07,,10.55,,18.73,27.1,76.98,1.34
307,MH009,"Kurla, Mumbai - MPCB",2020-04-08,,12.37,,17.86,27.04,73.57,1.5
308,MH009,"Kurla, Mumbai - MPCB",2020-04-09,,18.09,,19.02,27.33,71.63,1.55
309,MH009,"Kurla, Mumbai - MPCB",2020-04-10,,8.93,,28.13,28.09,72.81,1.6
310,MH009,"Kurla, Mumbai - MPCB",2020-04-11,,10.39,,37.12,30.11,67.0,1.59
311,MH009,"Kurla, Mumbai - MPCB",2020-04-12,,13.21,,25.53,28.92,76.39,1.32
312,MH009,"Kurla, Mumbai - MPCB",2020-04-13,,15.24,,19.07,28.74,76.98,1.41
313,MH009,"Kurla, Mumbai - MPCB",2020-04-14,,17.97,,19.9,29.51,73.16,1.59
314,MH009,"Kurla, Mumbai - MPCB",2020-04-15,,13.93,,20.74,29.02,74.44,1.11
315,MH009,"Kurla, Mumbai - MPCB",2020-04-16,,14.43,,18.43,29.19,74.83,1.44
316,MH009,"Kurla, Mumbai - MPCB",2020-04-17,,16.26,,15.42,28.72,77.24,1.32
317,MH009,"Kurla, Mumbai - MPCB",2020-04-18,,13.76,,15.68,29.15,74.76,1.4
318,MH009,"Kurla, Mumbai - MPCB",2020-04-19,,18.85,,19.16,30.02,71.49,1.54
319,MH009,"Kurla, Mumbai - MPCB",2020-04-20,,22.11,,16.22,31.51,55.79,1.66
320,MH009,"Kurla, Mumbai - MPCB",2020-04-21,,13.32,,16.93,29.48,65.41,1.26
321,MH009,"Kurla, Mumbai - MPCB",2020-04-22,,10.04,,16.6,29.1,74.35,1.43
322,MH009,"Kurla, Mumbai - MPCB",2020-04-23,,15.79,,15.25,29.54,73.58,1.33
323,MH009,"Kurla, Mumbai - MPCB",2020-04-24,,10.84,,12.58,29.61,72.84,1.53
324,MH009,"Kurla, Mumbai - MPCB",2020-04-25,,11.55,,17.54,29.24,70.18,1.43
325,MH009,"Kurla, Mumbai - MPCB",2020-04-26,,11.13,,18.83,28.7,71.3,1.57
326,MH009,"Kurla, Mumbai - MPCB",2020-04-27,,8.02,,18.55,28.72,71.89,1.54
327,MH009,"Kurla, Mumbai - MPCB",2020-04-28,,10.2,,47.73,29.32,74.05,1.82
328,MH009,"Kurla, Mumbai - MPCB",2020-04-29,,18.51,,124.8,29.84,73.87,1.27
329,MH009,"Kurla, Mumbai - MPCB",2020-04-30,,17.18,,,29.74,74.07,1.36
330,MH009,"Kurla, Mumbai - MPCB",2020-05-01,,14.28,,,29.48,73.71,1.49
331,MH009,"Kurla, Mumbai - MPCB",2020-05-02,,15.13,,,29.26,75.22,1.64
332,MH009,"Kurla, Mumbai - MPCB",2020-05-03,,14.43,,,29.43,75.32,1.63
333,MH009,"Kurla, Mumbai - MPCB",2020-05-04,8.17,14.11,,8.54,29.23,75.05,1.57
334,MH009,"Kurla, Mumbai - MPCB",2020-05-05,8.38,11.54,,11.33,29.37,75.86,1.59
335,MH009,"Kurla, Mumbai - MPCB",2020-05-06,8.18,10.85,,14.25,30.08,75.2,1.32
336,MH009,"Kurla, Mumbai - MPCB",2020-05-07,14.5,16.15,,14.05,29.4,75.14,1.38
337,MH009,"Kurla, Mumbai - MPCB",2020-05-08,10.41,18.64,,15.7,29.4,72.99,1.42
338,MH009,"Kurla, Mumbai - MPCB",2020-05-09,12.88,18.69,,17.17,29.47,73.12,1.54
339,MH009,"Kurla, Mumbai - MPCB",2020-05-10,8.73,12.29,,13.76,29.69,73.89,1.65
340,MH009,"Kurla, Mumbai - MPCB",2020-05-11,9.92,19.53,,18.82,31.08,66.39,1.99
341,MH009,"Kurla, Mumbai - MPCB",2020-05-12,9.21,12.8,,14.22,29.26,74.86,1.58
342,MH009,"Kurla, Mumbai - MPCB",2020-05-13,12.99,16.64,,15.51,29.76,74.2,1.69
343,MH009,"Kurla, Mumbai - MPCB",2020-05-14,14.66,12.23,,15.97,30.16,71.64,1.81
344,MH009,"Kurla, Mumbai - MPCB",2020-05-15,12.83,13.63,,16.83,30.19,70.85,1.87
345,MH009,"Kurla, Mumbai - MPCB",2020-05-16,24.65,14.09,,16.13,29.84,74.57,1.64
346,MH009,"Kurla, Mumbai - MPCB",2020-05-17,25.12,11.61,,21.61,29.74,72.92,1.74
347,MH009,"Kurla, Mumbai - MPCB",2020-05-18,18.21,15.67,,21.33,29.48,72.93,2.03
348,MH009,"Kurla, Mumbai - MPCB",2020-05-19,12.58,20.94,,18.01,29.22,71.74,1.66
349,MH009,"Kurla, Mumbai - MPCB",2020-05-20,9.15,18.06,,21.63,29.4,71.2,1.47
350,MH009,"Kurla, Mumbai - MPCB",2020-05-21,8.04,15.2,,20.19,29.59,71.76,1.36
351,MH009,"Kurla, Mumbai - MPCB",2020-05-22,9.67,22.43,,19.17,29.72,72.92,1.48
352,MH009,"Kurla, Mumbai - MPCB",2020-05-23,14.54,18.22,,16.96,29.7,74.09,1.64
353,MH009,"Kurla, Mumbai - MPCB",2020-05-24,9.37,17.45,,15.32,29.77,76.02,1.68
354,MH009,"Kurla, Mumbai - MPCB",2020-05-25,9.58,8.54,,17.86,29.86,76.77,1.66
355,MH009,"Kurla, Mumbai - MPCB",2020-05-26,11.8,23.16,,12.6,29.86,76.01,1.41
356,MH009,"Kurla, Mumbai - MPCB",2020-05-27,10.75,26.5,,12.9,29.79,73.54,1.53
357,MH009,"Kurla, Mumbai - MPCB",2020-05-28,11.12,19.26,,12.14,30.08,72.01,1.46
358,MH009,"Kurla, Mumbai - MPCB",2020-05-29,6.59,24.17,,10.62,29.71,76.0,1.31
359,MH009,"Kurla, Mumbai - MPCB",2020-05-30,13.22,22.98,,9.15,30.65,72.79,1.68
360,MH009,"Kurla, Mumbai - MPCB",2020-05-31,9.45,17.57,,9.76,30.95,69.68,1.9
361,MH009,"Kurla, Mumbai - MPCB",2020-06-01,22.34,28.94,,8.03,27.16,84.56,1.06
362,MH009,"Kurla, Mumbai - MPCB",2020-06-02,24.56,26.52,,25.92,27.57,79.1,1.69
363,MH009,"Kurla, Mumbai - MPCB",2020-06-03,8.82,15.14,,19.67,24.64,91.91,3.78
364,MH009,"Kurla, Mumbai - MPCB",2020-06-04,12.31,32.46,,15.14,24.25,92.48,1.64
365,MH009,"Kurla, Mumbai - MPCB",2020-06-05,10.16,26.25,,28.53,25.95,80.53,1.81
366,MH009,"Kurla, Mumbai - MPCB",2020-06-06,10.74,27.27,,8.98,26.43,87.02,1.74
367,MH009,"Kurla, Mumbai - MPCB",2020-06-07,10.79,41.35,,9.85,28.17,76.6,1.46
368,MH009,"Kurla, Mumbai - MPCB",2020-06-08,7.75,32.04,,20.39,26.09,81.33,1.56
369,MH009,"Kurla, Mumbai - MPCB",2020-06-09,9.96,37.53,,9.89,27.92,79.12,1.33
370,MH009,"Kurla, Mumbai - MPCB",2020-06-10,11.71,33.73,,8.52,28.59,79.46,1.4
371,MH009,"Kurla, Mumbai - MPCB",2020-06-11,10.08,31.01,,8.77,27.63,83.32,1.27
372,MH009,"Kurla, Mumbai - MPCB",2020-06-12,11.65,33.7,,7.93,27.6,83.35,1.29
373,MH009,"Kurla, Mumbai - MPCB",2020-06-13,10.95,34.09,,9.07,27.14,85.59,1.58
374,MH009,"Kurla, Mumbai - MPCB",2020-06-14,10.99,41.37,,8.79,27.47,85.55,1.3
375,MH009,"Kurla, Mumbai - MPCB",2020-06-15,11.06,40.09,,7.93,27.33,87.54,1.16
376,MH009,"Kurla, Mumbai - MPCB",2020-06-16,10.22,35.04,,12.62,27.18,87.99,1.17
377,MH009,"Kurla, Mumbai - MPCB",2020-06-17,6.42,31.26,,11.11,27.44,82.36,1.69
378,MH009,"Kurla, Mumbai - MPCB",2020-06-18,8.26,37.49,,6.87,25.33,92.8,1.73
379,MH009,"Kurla, Mumbai - MPCB",2020-06-19,19.88,37.8,,5.79,27.78,86.09,1.38
380,MH009,"Kurla, Mumbai - MPCB",2020-06-20,14.58,34.43,,6.62,28.51,82.44,1.29
381,MH009,"Kurla, Mumbai - MPCB",2020-06-21,9.47,27.71,,7.72,27.72,85.17,1.33
382,MH009,"Kurla, Mumbai - MPCB",2020-06-22,17.17,37.61,,4.38,27.65,85.9,1.4
383,MH009,"Kurla, Mumbai - MPCB",2020-06-23,10.04,78.16,,4.45,27.47,82.2,1.89
384,MH009,"Kurla, Mumbai - MPCB",2020-06-24,10.13,92.99,,4.25,28.5,77.25,1.54
385,MH009,"Kurla, Mumbai - MPCB",2020-06-25,17.5,108.93,,4.44,29.0,79.02,1.41
386,MH009,"Kurla, Mumbai - MPCB",2020-06-26,24.88,114.79,,4.85,28.07,85.19,1.01
387,MH009,"Kurla, Mumbai - MPCB",2020-06-27,27.97,118.16,,4.51,29.38,77.61,1.19
388,MH009,"Kurla, Mumbai - MPCB",2020-06-28,22.1,110.45,,4.71,27.81,84.66,1.26
389,MH009,"Kurla, Mumbai - MPCB",2020-06-29,14.82,112.35,,4.72,27.74,85.19,1.25
390,MH009,"Kurla, Mumbai - MPCB",2020-06-30,3.52,95.59,,4.35,26.82,87.15,1.53
391,MH009,"Kurla, Mumbai - MPCB",2020-07-01,5.87,97.82,,4.21,27.09,85.47,1.73
392,MH009,"Kurla, Mumbai - MPCB",2020-07-02,6.55,104.91,,4.2,26.53,88.82,1.47
393,MH009,"Kurla, Mumbai - MPCB",2020-07-03,6.14,115.02,,4.39,24.68,96.81,1.24
394,MH009,"Kurla, Mumbai - MPCB",2020-07-04,5.33,102.51,,4.91,24.11,99.58,2.02
395,MH009,"Kurla, Mumbai - MPCB",2020-07-05,8.14,90.51,,6.09,24.85,96.6,3.1
396,MH009,"Kurla, Mumbai - MPCB",2020-07-06,9.62,82.7,,4.5,26.76,89.3,2.26
397,MH009,"Kurla, Mumbai - MPCB",2020-07-07,8.9,91.61,,4.83,25.17,97.5,1.38
398,MH009,"Kurla, Mumbai - MPCB",2020-07-08,14.5,79.77,,3.28,26.79,92.7,1.28
399,MH009,"Kurla, Mumbai - MPCB",2020-07-09,16.46,71.16,,4.82,27.29,89.11,1.37
400,MH009,"Kurla, Mumbai - MPCB",2020-07-10,12.62,65.98,,5.03,27.85,86.16,1.48
401,MH009,"Kurla, Mumbai - MPCB",2020-07-11,10.37,60.28,,5.61,27.36,88.52,1.38
402,MH009,"Kurla, Mumbai - MPCB",2020-07-12,10.17,65.09,,5.35,23.96,98.86,1.19
403,MH009,"Kurla, Mumbai - MPCB",2020-07-13,12.3,69.77,,4.98,24.86,97.12,1.49
404,MH009,"Kurla, Mumbai - MPCB",2020-07-14,10.52,73.14,,4.18,24.42,96.55,1.66
405,MH009,"Kurla, Mumbai - MPCB",2020-07-15,9.63,78.21,,4.98,23.81,99.77,2.53
406,MH009,"Kurla, Mumbai - MPCB",2020-07-16,5.32,77.87,,6.24,23.61,99.85,1.88
407,MH009,"Kurla, Mumbai - MPCB",2020-07-17,8.37,52.6,,5.97,24.13,98.23,1.71
408,MH009,"Kurla, Mumbai - MPCB",2020-07-18,12.88,60.9,,5.34,26.2,90.37,1.47
409,MH009,"Kurla, Mumbai - MPCB",2020-07-19,15.83,67.31,,6.08,27.24,87.61,1.18
410,MH009,"Kurla, Mumbai - MPCB",2020-07-20,8.28,69.1,,5.34,27.93,82.82,1.07
411,MH009,"Kurla, Mumbai - MPCB",2020-07-21,10.24,64.34,,4.96,28.13,80.97,1.09
412,MH009,"Kurla, Mumbai - MPCB",2020-07-22,8.68,57.02,,4.61,27.94,80.95,1.17
413,MH009,"Kurla, Mumbai - MPCB",2020-07-23,10.92,58.09,,5.81,25.7,92.42,1.33
414,MH009,"Kurla, Mumbai - MPCB",2020-07-24,13.25,73.78,,7.21,26.33,87.1,1.11
415,MH009,"Kurla, Mumbai - MPCB",2020-07-25,10.09,51.08,,5.06,26.66,83.99,1.31
416,MH009,"Kurla, Mumbai - MPCB",2020-07-26,8.34,68.04,,5.7,26.11,88.01,1.54
417,MH009,"Kurla, Mumbai - MPCB",2020-07-27,7.11,72.93,,5.29,24.58,95.46,1.3
418,MH009,"Kurla, Mumbai - MPCB",2020-07-28,11.28,94.7,,4.03,23.79,99.11,1.12
419,MH009,"Kurla, Mumbai - MPCB",2020-07-29,2.0,110.34,,4.94,23.64,99.6,1.6
420,MH009,"Kurla, Mumbai - MPCB",2020-07-30,9.73,91.96,,6.01,25.75,91.06,1.25
421,MH009,"Kurla, Mumbai - MPCB",2020-07-31,14.12,83.45,,4.93,26.66,86.84,1.08
422,MH009,"Kurla, Mumbai - MPCB",2020-08-01,6.24,57.72,,5.8,26.86,85.03,1.6
423,MH009,"Kurla, Mumbai - MPCB",2020-08-02,1.74,34.11,,9.34,27.17,82.65,1.87
424,MH009,"Kurla, Mumbai - MPCB",2020-08-03,0.79,49.38,,11.08,25.89,90.11,1.56
425,MH009,"Kurla, Mumbai - MPCB",2020-08-04,2.4,53.96,,17.97,24.48,95.3,5.96
426,MH009,"Kurla, Mumbai - MPCB",2020-08-05,5.0,63.15,,13.66,24.62,97.54,2.49
427,MH009,"Kurla, Mumbai - MPCB",2020-08-06,3.58,46.53,,23.45,23.18,99.8,2.11
428,MH009,"Kurla, Mumbai - MPCB",2020-08-07,10.53,64.98,,15.35,24.95,95.81,1.72
429,MH009,"Kurla, Mumbai - MPCB",2020-08-08,12.04,79.05,,9.81,26.12,90.71,1.69
430,MH009,"Kurla, Mumbai - MPCB",2020-08-09,9.57,82.81,,9.34,25.83,92.55,1.46
431,MH009,"Kurla, Mumbai - MPCB",2020-08-10,12.42,95.94,,9.85,26.25,90.51,1.49
432,MH009,"Kurla, Mumbai - MPCB",2020-08-11,13.78,81.64,,5.8,26.79,87.4,1.71
433,MH009,"Kurla, Mumbai - MPCB",2020-08-12,8.93,57.73,,5.68,24.42,97.42,2.08
434,MH009,"Kurla, Mumbai - MPCB",2020-08-13,8.78,55.43,,5.38,25.44,92.57,2.01
435,MH009,"Kurla, Mumbai - MPCB",2020-08-14,11.63,55.22,,6.01,23.64,98.87,1.55
436,MH009,"Kurla, Mumbai - MPCB",2020-08-15,8.18,34.37,,7.75,25.16,95.5,1.83
437,MH009,"Kurla, Mumbai - MPCB",2020-08-16,9.43,40.51,,7.44,25.56,93.62,1.98
438,MH009,"Kurla, Mumbai - MPCB",2020-08-17,8.75,49.11,,6.4,24.13,98.11,1.39
439,MH009,"Kurla, Mumbai - MPCB",2020-08-18,9.09,66.59,,4.89,25.17,93.3,1.58
440,MH009,"Kurla, Mumbai - MPCB",2020-08-19,10.04,63.59,,5.11,24.75,94.42,1.4
441,MH009,"Kurla, Mumbai - MPCB",2020-08-20,13.65,74.81,,5.02,24.33,97.42,1.4
442,MH009,"Kurla, Mumbai - MPCB",2020-08-21,15.43,66.7,,5.0,23.71,99.7,1.61
443,MH009,"Kurla, Mumbai - MPCB",2020-08-22,14.78,58.25,,5.57,24.17,99.38,1.69
444,MH009,"Kurla, Mumbai - MPCB",2020-08-23,5.64,50.78,,,,,
445,MH009,"Kurla, Mumbai - MPCB",2020-08-24,10.4,56.73,,5.46,24.12,98.83,1.32
446,MH009,"Kurla, Mumbai - MPCB",2020-08-25,11.77,65.1,,5.44,26.11,89.2,1.53
447,MH009,"Kurla, Mumbai - MPCB",2020-08-26,12.61,71.41,,5.11,26.72,83.7,1.26
448,MH009,"Kurla, Mumbai - MPCB",2020-08-27,11.82,70.2,,4.82,25.93,87.44,1.26
449,MH009,"Kurla, Mumbai - MPCB",2020-08-28,9.47,82.55,,4.46,23.58,97.73,1.91
450,MH009,"Kurla, Mumbai - MPCB",2020-08-29,13.46,74.83,,4.86,23.16,99.88,1.78
451,MH009,"Kurla, Mumbai - MPCB",2020-08-30,11.92,61.47,,4.99,23.68,98.56,1.66
452,MH009,"Kurla, Mumbai - MPCB",2020-08-31,8.73,56.2,,6.14,24.93,93.31,1.36
453,MH009,"Kurla, Mumbai - MPCB",2020-09-01,15.55,72.47,,6.16,25.52,89.5,1.22
454,MH009,"Kurla, Mumbai - MPCB",2020-09-02,21.63,69.61,,7.59,26.15,87.42,1.34
455,MH009,"Kurla, Mumbai - MPCB",2020-09-03,16.38,46.4,,9.19,27.01,83.75,1.27
456,MH009,"Kurla, Mumbai - MPCB",2020-09-04,28.43,62.86,,16.24,28.16,79.49,1.22
457,MH009,"Kurla, Mumbai - MPCB",2020-09-05,36.17,62.84,,19.1,28.02,84.91,1.37
458,MH009,"Kurla, Mumbai - MPCB",2020-09-06,57.03,64.27,,16.94,28.32,85.36,1.39
459,MH009,"Kurla, Mumbai - MPCB",2020-09-07,13.04,46.78,,16.31,27.45,82.83,1.72
460,MH009,"Kurla, Mumbai - MPCB",2020-09-08,14.92,61.39,,7.45,27.19,83.47,1.19
461,MH009,"Kurla, Mumbai - MPCB",2020-09-09,24.17,63.34,,10.95,27.4,82.33,1.6
462,MH009,"Kurla, Mumbai - MPCB",2020-09-10,20.53,72.74,,11.33,27.22,84.09,1.26
463,MH009,"Kurla, Mumbai - MPCB",2020-09-11,25.88,68.3,,14.29,27.17,84.5,1.82
464,MH009,"Kurla, Mumbai - MPCB",2020-09-12,11.96,57.77,,9.33,24.66,97.58,2.44
465,MH009,"Kurla, Mumbai - MPCB",2020-09-13,12.02,,,,,,
466,MH009,"Kurla, Mumbai - MPCB",2020-09-14,19.96,78.28,,5.92,25.32,88.24,1.32
467,MH009,"Kurla, Mumbai - MPCB",2020-09-15,13.0,56.3,,,,,
468,MH009,"Kurla, Mumbai - MPCB",2020-09-16,15.03,,,,,,
469,MH009,"Kurla, Mumbai - MPCB",2020-09-17,18.95,84.57,,8.81,26.29,88.25,1.58
470,MH009,"Kurla, Mumbai - MPCB",2020-09-18,22.17,87.37,,5.17,24.95,89.61,1.01
471,MH009,"Kurla, Mumbai - MPCB",2020-09-19,30.49,98.81,,6.58,25.52,91.42,1.05
472,MH009,"Kurla, Mumbai - MPCB",2020-09-20,25.54,,,,,,
473,MH009,"Kurla, Mumbai - MPCB",2020-09-21,27.58,79.6,,7.95,26.53,88.56,0.83
474,MH009,"Kurla, Mumbai - MPCB",2020-09-22,33.44,87.03,,,23.61,99.25,1.21
475,MH009,"Kurla, Mumbai - MPCB",2020-09-23,21.3,68.99,,11.4,23.27,99.92,1.19
476,MH009,"Kurla, Mumbai - MPCB",2020-09-24,20.23,82.57,,7.57,25.25,92.06,2.1
477,MH009,"Kurla, Mumbai - MPCB",2020-09-25,15.2,80.25,,6.02,24.84,93.22,0.98
478,MH009,"Kurla, Mumbai - MPCB",2020-09-26,,,,,,,
479,MH009,"Kurla, Mumbai - MPCB",2020-09-27,,,,,,,
480,MH009,"Kurla, Mumbai - MPCB",2020-09-28,,,,,,,
481,MH009,"Kurla, Mumbai - MPCB",2020-09-29,,,,,,,
482,MH009,"Kurla, Mumbai - MPCB",2020-09-30,20.65,51.32,,12.12,28.15,72.85,1.92
483,MH009,"Kurla, Mumbai - MPCB",2020-10-01,22.18,55.95,,9.93,27.01,77.52,1.42
484,MH009,"Kurla, Mumbai - MPCB",2020-10-02,31.52,49.94,,13.11,26.98,81.44,1.37
485,MH009,"Kurla, Mumbai - MPCB",2020-10-03,42.28,57.73,,9.94,26.35,86.06,1.54
486,MH009,"Kurla, Mumbai - MPCB",2020-10-04,34.66,54.4,,12.3,24.51,91.02,1.26
487,MH009,"Kurla, Mumbai - MPCB",2020-10-05,25.1,73.26,,16.96,25.99,87.69,1.07
488,MH009,"Kurla, Mumbai - MPCB",2020-10-06,35.96,60.14,,12.13,26.82,83.26,1.32
489,MH009,"Kurla, Mumbai - MPCB",2020-10-07,53.48,73.31,,14.79,27.75,79.46,1.27
490,MH009,"Kurla, Mumbai - MPCB",2020-10-08,53.07,63.86,,11.97,27.92,81.94,1.09
491,MH009,"Kurla, Mumbai - MPCB",2020-10-09,63.62,63.11,,20.77,29.05,72.29,1.43
492,MH009,"Kurla, Mumbai - MPCB",2020-10-10,71.7,79.55,,13.7,27.7,81.67,1.37
493,MH009,"Kurla, Mumbai - MPCB",2020-10-11,47.41,75.94,,8.88,26.68,85.16,1.05
494,MH009,"Kurla, Mumbai - MPCB",2020-10-12,62.6,75.7,,6.78,26.46,88.16,0.82
495,MH009,"Kurla, Mumbai - MPCB",2020-10-13,53.47,84.17,,16.87,27.09,87.03,1.28
496,MH009,"Kurla, Mumbai - MPCB",2020-10-14,54.83,97.93,,11.08,26.19,88.02,1.19
497,MH009,"Kurla, Mumbai - MPCB",2020-10-15,30.05,79.99,,10.7,24.8,95.29,1.52
498,MH009,"Kurla, Mumbai - MPCB",2020-10-16,12.28,71.88,,7.77,26.66,81.98,1.68
499,MH009,"Kurla, Mumbai - MPCB",2020-10-17,18.24,50.48,,9.65,26.61,76.31,1.49
500,MH009,"Kurla, Mumbai - MPCB",2020-10-18,15.12,61.01,,7.39,26.7,78.93,1.23
501,MH009,"Kurla, Mumbai - MPCB",2020-10-19,19.31,58.27,,6.69,26.94,83.17,1.16
502,MH009,"Kurla, Mumbai - MPCB",2020-10-20,20.52,59.98,,6.99,27.34,84.68,1.29
503,MH009,"Kurla, Mumbai - MPCB",2020-10-21,25.61,63.24,,11.84,27.46,83.39,1.48
504,MH009,"Kurla, Mumbai - MPCB",2020-10-22,46.92,61.29,,14.8,26.35,87.95,1.44
505,MH009,"Kurla, Mumbai - MPCB",2020-10-23,43.31,78.99,,9.9,28.94,76.06,1.22
506,MH009,"Kurla, Mumbai - MPCB",2020-10-24,51.36,99.04,,6.85,27.39,85.62,1.11
507,MH009,"Kurla, Mumbai - MPCB",2020-10-25,24.25,52.99,,16.6,27.47,82.04,1.32
508,MH009,"Kurla, Mumbai - MPCB",2020-10-26,48.42,75.13,,17.03,27.31,73.55,1.16
509,MH009,"Kurla, Mumbai - MPCB",2020-10-27,59.94,100.1,,20.83,27.59,62.64,1.29
510,MH009,"Kurla, Mumbai - MPCB",2020-10-28,63.84,89.82,,35.25,27.21,69.38,1.3
511,MH009,"Kurla, Mumbai - MPCB",2020-10-29,77.75,80.49,,43.31,27.51,70.47,1.31
512,MH009,"Kurla, Mumbai - MPCB",2020-10-30,51.7,74.86,,32.43,27.38,68.01,1.35
513,MH009,"Kurla, Mumbai - MPCB",2020-10-31,60.35,91.52,,30.95,26.88,60.95,1.52
514,MH009,"Kurla, Mumbai - MPCB",2020-11-01,56.78,91.02,,28.32,27.06,58.26,1.15
515,MH009,"Kurla, Mumbai - MPCB",2020-11-02,79.45,106.11,,34.69,27.84,63.22,1.09
516,MH009,"Kurla, Mumbai - MPCB",2020-11-03,91.98,106.38,,28.33,27.56,65.11,1.2
517,MH009,"Kurla, Mumbai - MPCB",2020-11-04,77.86,112.93,,33.04,27.83,60.57,1.12
518,MH009,"Kurla, Mumbai - MPCB",2020-11-05,79.78,77.1,,46.47,27.54,54.3,1.67
519,MH009,"Kurla, Mumbai - MPCB",2020-11-06,73.49,74.57,,47.43,26.93,51.98,1.88
520,MH009,"Kurla, Mumbai - MPCB",2020-11-07,73.74,106.05,,31.14,25.86,61.27,1.26
521,MH009,"Kurla, Mumbai - MPCB",2020-11-08,71.55,73.14,,56.19,27.7,51.69,1.68
522,MH009,"Kurla, Mumbai - MPCB",2020-11-09,78.52,81.08,,46.63,26.97,52.86,1.6
523,MH009,"Kurla, Mumbai - MPCB",2020-11-10,82.92,106.31,,48.36,25.82,53.44,1.64
524,MH009,"Kurla, Mumbai - MPCB",2020-11-11,85.47,77.69,,62.68,25.5,45.77,1.98
525,MH009,"Kurla, Mumbai - MPCB",2020-11-12,91.0,78.84,,78.94,25.9,45.3,1.89
526,MH009,"Kurla, Mumbai - MPCB",2020-11-13,86.03,119.37,,37.25,26.65,59.37,1.45
527,MH009,"Kurla, Mumbai - MPCB",2020-11-14,82.67,78.83,,38.28,27.09,64.73,1.55
528,MH009,"Kurla, Mumbai - MPCB",2020-11-15,100.53,63.87,,43.81,27.75,68.11,1.27
529,MH009,"Kurla, Mumbai - MPCB",2020-11-16,97.62,60.05,,51.7,27.77,64.92,1.46
530,MH009,"Kurla, Mumbai - MPCB",2020-11-17,94.57,74.16,,42.09,27.94,65.12,1.45
531,MH009,"Kurla, Mumbai - MPCB",2020-11-18,85.51,80.58,,54.43,27.59,67.4,1.31
532,MH009,"Kurla, Mumbai - MPCB",2020-11-19,81.17,75.77,,53.28,27.58,64.79,1.25
533,MH009,"Kurla, Mumbai - MPCB",2020-11-20,86.77,93.73,,45.33,26.69,60.48,1.17
534,MH009,"Kurla, Mumbai - MPCB",2020-11-21,93.03,97.15,,33.58,24.66,68.04,1.06
535,MH009,"Kurla, Mumbai - MPCB",2020-11-22,102.46,93.92,,47.49,25.95,67.77,1.11
536,MH009,"Kurla, Mumbai - MPCB",2020-11-23,75.16,90.09,,28.45,25.88,58.89,1.24
537,MH009,"Kurla, Mumbai - MPCB",2020-11-24,92.16,116.95,,36.51,25.54,60.11,0.94
538,MH009,"Kurla, Mumbai - MPCB",2020-11-25,117.34,145.19,,50.13,26.49,60.07,1.21
539,MH009,"Kurla, Mumbai - MPCB",2020-11-26,120.96,92.34,,52.42,25.61,62.39,1.35
540,MH009,"Kurla, Mumbai - MPCB",2020-11-27,72.93,39.97,,73.06,26.39,46.5,2.69
541,MH009,"Kurla, Mumbai - MPCB",2020-11-28,73.14,85.03,,60.78,25.94,53.71,1.66
542,MH009,"Kurla, Mumbai - MPCB",2020-11-29,42.85,63.03,,51.74,27.2,60.9,1.58
543,MH009,"Kurla, Mumbai - MPCB",2020-11-30,82.21,115.57,,66.42,28.51,60.29,1.35
544,MH009,"Kurla, Mumbai - MPCB",2020-12-01,77.7,111.51,,64.51,27.53,65.68,1.41
545,MH009,"Kurla, Mumbai - MPCB",2020-12-02,95.83,99.15,,61.02,26.84,67.31,1.46
546,MH009,"Kurla, Mumbai - MPCB",2020-12-03,86.93,117.97,,72.34,26.24,57.42,1.44
547,MH009,"Kurla, Mumbai - MPCB",2020-12-04,95.27,135.06,,62.82,25.62,55.35,1.24
548,MH009,"Kurla, Mumbai - MPCB",2020-12-05,99.17,144.8,,70.73,25.39,57.1,1.35
549,MH009,"Kurla, Mumbai - MPCB",2020-12-06,71.72,103.2,,70.16,25.69,48.38,1.47
550,MH009,"Kurla, Mumbai - MPCB",2020-12-07,82.83,110.09,,72.87,25.49,49.73,1.59
551,MH009,"Kurla, Mumbai - MPCB",2020-12-08,80.52,154.58,,58.96,26.14,53.05,1.3
552,MH009,"Kurla, Mumbai - MPCB",2020-12-09,89.59,131.82,,52.25,26.79,55.58,1.26
553,MH009,"Kurla, Mumbai - MPCB",2020-12-10,95.41,117.15,,47.99,27.1,65.3,1.26
554,MH009,"Kurla, Mumbai - MPCB",2020-12-11,92.56,76.56,,39.8,24.24,76.9,1.23
555,MH009,"Kurla, Mumbai - MPCB",2020-12-12,79.45,70.07,,25.95,24.3,76.81,1.18
556,MH009,"Kurla, Mumbai - MPCB",2020-12-13,74.87,52.29,,36.63,23.35,76.42,1.37
557,MH009,"Kurla, Mumbai - MPCB",2020-12-14,65.07,61.36,,23.56,22.28,87.37,1.37
558,MH009,"Kurla, Mumbai - MPCB",2020-12-15,110.87,93.06,,44.02,25.15,76.96,1.46
559,MH009,"Kurla, Mumbai - MPCB",2020-12-16,119.16,88.24,,36.41,24.35,78.58,1.14
560,MH009,"Kurla, Mumbai - MPCB",2020-12-17,126.3,95.77,,16.06,24.21,77.81,1.32
561,MH009,"Kurla, Mumbai - MPCB",2020-12-18,113.57,104.92,,8.63,25.37,69.33,1.47
562,MH009,"Kurla, Mumbai - MPCB",2020-12-19,92.72,100.57,,18.75,25.18,61.67,1.8
563,MH009,"Kurla, Mumbai - MPCB",2020-12-20,88.13,83.65,,53.14,24.14,59.18,1.68
564,MH009,"Kurla, Mumbai - MPCB",2020-12-21,80.21,74.88,,58.93,24.27,53.61,1.7
565,MH009,"Kurla, Mumbai - MPCB",2020-12-22,86.67,107.69,,53.36,23.46,51.34,1.34
566,MH009,"Kurla, Mumbai - MPCB",2020-12-23,100.67,139.36,,45.25,23.33,56.06,1.2
567,MH009,"Kurla, Mumbai - MPCB",2020-12-24,110.21,111.42,,59.45,23.51,59.88,1.35
568,MH009,"Kurla, Mumbai - MPCB",2020-12-25,117.83,129.89,,66.45,25.13,59.82,1.39
569,MH009,"Kurla, Mumbai - MPCB",2020-12-26,120.12,118.25,,64.16,25.6,60.93,1.21
570,MH009,"Kurla, Mumbai - MPCB",2020-12-27,138.94,94.77,,68.35,24.78,66.74,1.24
571,MH009,"Kurla, Mumbai - MPCB",2020-12-28,76.67,79.26,,65.37,22.5,53.35,1.36
572,MH009,"Kurla, Mumbai - MPCB",2020-12-29,105.64,108.17,,38.73,21.47,60.99,1.0
573,MH009,"Kurla, Mumbai - MPCB",2020-12-30,123.11,115.83,,38.94,22.52,67.1,1.09
574,MH009,"Kurla, Mumbai - MPCB",2020-12-31,126.54,100.05,,63.96,24.52,63.01,1.36
575,MH009,"Kurla, Mumbai - MPCB",2021-01-01,151.17,118.76,,54.51,25.05,69.29,1.21
576,MH009,"Kurla, Mumbai - MPCB",2021-01-02,175.04,94.59,,41.14,24.18,75.3,1.24
577,MH009,"Kurla, Mumbai - MPCB",2021-01-03,146.83,106.57,,58.28,23.11,70.29,1.28
578,MH009,"Kurla, Mumbai - MPCB",2021-01-04,145.53,102.58,,52.82,22.79,68.71,1.31
579,MH009,"Kurla, Mumbai - MPCB",2021-01-05,145.61,78.61,,97.63,23.19,65.84,1.32
580,MH009,"Kurla, Mumbai - MPCB",2021-01-06,176.41,88.76,,80.7,24.65,63.1,1.39
581,MH009,"Kurla, Mumbai - MPCB",2021-01-07,158.18,98.18,,65.72,25.93,63.78,1.27
582,MH009,"Kurla, Mumbai - MPCB",2021-01-08,154.32,120.87,,13.66,24.64,79.22,0.95
583,MH009,"Kurla, Mumbai - MPCB",2021-01-09,141.76,102.73,,19.44,25.12,77.64,1.07
584,MH009,"Kurla, Mumbai - MPCB",2021-01-10,198.7,93.73,,35.54,26.17,74.92,1.34
585,MH009,"Kurla, Mumbai - MPCB",2021-01-11,99.7,75.93,,36.3,26.65,71.73,1.27
586,MH009,"Kurla, Mumbai - MPCB",2021-01-12,108.81,118.18,,50.92,27.08,66.74,1.24
587,MH009,"Kurla, Mumbai - MPCB",2021-01-13,105.0,107.32,,69.34,28.04,50.66,1.69
588,MH009,"Kurla, Mumbai - MPCB",2021-01-14,104.14,120.01,,100.38,25.2,61.5,1.4
589,MH009,"Kurla, Mumbai - MPCB",2021-01-15,76.27,96.9,,65.14,23.62,65.58,1.51
590,MH009,"Kurla, Mumbai - MPCB",2021-01-16,87.34,126.91,,70.44,23.05,61.11,1.13
591,MH009,"Kurla, Mumbai - MPCB",2021-01-17,90.45,122.68,,56.26,23.99,64.42,1.16
592,MH009,"Kurla, Mumbai - MPCB",2021-01-18,53.6,93.56,,62.74,22.43,64.42,1.16
593,MH009,"Kurla, Mumbai - MPCB",2021-01-19,97.4,215.8,,,,60.44,0.75
594,MH009,"Kurla, Mumbai - MPCB",2021-01-20,93.42,156.98,,,,55.27,1.12
595,MH009,"Kurla, Mumbai - MPCB",2021-01-21,110.13,118.68,,85.97,24.9,55.67,1.26
596,MH009,"Kurla, Mumbai - MPCB",2021-01-22,118.96,138.92,,57.87,23.57,63.95,1.13
597,MH009,"Kurla, Mumbai - MPCB",2021-01-23,142.87,169.19,,67.03,24.91,60.83,1.13
598,MH009,"Kurla, Mumbai - MPCB",2021-01-24,70.76,95.31,,78.94,28.24,45.35,1.44
599,MH009,"Kurla, Mumbai - MPCB",2021-01-25,99.4,106.76,,66.36,23.46,56.93,1.39
600,MH009,"Kurla, Mumbai - MPCB",2021-01-26,86.36,78.77,,89.88,23.18,60.6,1.43
601,MH009,"Kurla, Mumbai - MPCB",2021-01-27,107.8,113.62,,45.2,22.0,64.53,1.24
602,MH009,"Kurla, Mumbai - MPCB",2021-01-28,123.97,127.64,,51.26,22.74,64.04,1.26
603,MH009,"Kurla, Mumbai - MPCB",2021-01-29,113.62,163.22,,39.74,22.3,63.82,1.04
604,MH009,"Kurla, Mumbai - MPCB",2021-01-30,107.53,168.92,,32.01,23.44,56.49,1.35
605,MH009,"Kurla, Mumbai - MPCB",2021-01-31,92.2,169.81,,37.06,23.55,52.35,1.45
606,MH009,"Kurla, Mumbai - MPCB",2021-02-01,93.07,123.16,,47.82,26.18,55.06,1.57
607,MH009,"Kurla, Mumbai - MPCB",2021-02-02,79.23,110.31,,41.63,26.08,49.61,1.78
608,MH009,"Kurla, Mumbai - MPCB",2021-02-03,92.53,177.78,,19.56,24.94,54.78,1.2
609,MH009,"Kurla, Mumbai - MPCB",2021-02-04,94.96,144.37,,40.08,24.55,54.6,1.19
610,MH009,"Kurla, Mumbai - MPCB",2021-02-05,72.97,108.26,,49.26,24.26,53.42,1.52
611,MH009,"Kurla, Mumbai - MPCB",2021-02-06,78.62,86.38,,55.78,24.52,44.11,1.78
612,MH009,"Kurla, Mumbai - MPCB",2021-02-07,50.63,63.95,,69.3,23.88,40.59,2.38
613,MH009,"Kurla, Mumbai - MPCB",2021-02-08,54.75,69.92,,77.33,26.65,34.72,1.82
614,MH009,"Kurla, Mumbai - MPCB",2021-02-09,69.67,171.26,,51.34,24.53,43.31,1.46
615,MH009,"Kurla, Mumbai - MPCB",2021-02-10,102.6,192.38,,48.55,23.85,55.1,1.21
616,MH009,"Kurla, Mumbai - MPCB",2021-02-11,115.99,192.12,,41.46,24.09,56.42,1.1
617,MH009,"Kurla, Mumbai - MPCB",2021-02-12,143.88,190.24,,44.26,24.5,58.86,1.34
618,MH009,"Kurla, Mumbai - MPCB",2021-02-13,75.89,116.62,,33.96,24.55,56.2,1.48
619,MH009,"Kurla, Mumbai - MPCB",2021-02-14,39.73,84.59,,42.75,24.23,65.35,1.33
620,MH009,"Kurla, Mumbai - MPCB",2021-02-15,46.24,73.85,,31.74,23.43,68.87,1.35
621,MH009,"Kurla, Mumbai - MPCB",2021-02-16,35.95,58.43,,26.05,22.78,79.06,1.56
622,MH009,"Kurla, Mumbai - MPCB",2021-02-17,41.41,67.41,,43.08,23.39,72.94,1.58
623,MH009,"Kurla, Mumbai - MPCB",2021-02-18,85.63,113.24,,43.81,24.27,67.92,1.45
624,MH009,"Kurla, Mumbai - MPCB",2021-02-19,42.28,80.59,,53.57,24.89,57.72,1.92
625,MH009,"Kurla, Mumbai - MPCB",2021-02-20,47.94,82.76,,42.22,25.1,53.54,2.04
626,MH009,"Kurla, Mumbai - MPCB",2021-02-21,42.74,43.62,,70.32,26.91,44.35,2.33
627,MH009,"Kurla, Mumbai - MPCB",2021-02-22,56.37,87.85,,63.94,27.31,50.13,1.65
628,MH009,"Kurla, Mumbai - MPCB",2021-02-23,93.9,137.4,,54.18,27.08,51.47,1.28
629,MH009,"Kurla, Mumbai - MPCB",2021-02-24,100.6,176.5,,51.66,28.04,48.98,1.34
630,MH009,"Kurla, Mumbai - MPCB",2021-02-25,76.0,136.03,,35.85,27.58,47.45,1.34
631,MH009,"Kurla, Mumbai - MPCB",2021-02-26,43.07,90.3,,35.97,26.59,56.17,1.58
632,MH009,"Kurla, Mumbai - MPCB",2021-02-27,43.4,94.3,,42.17,29.04,52.29,1.98
633,MH009,"Kurla, Mumbai - MPCB",2021-02-28,52.82,72.05,,106.51,29.95,47.4,1.82
634,MH009,"Kurla, Mumbai - MPCB",2021-03-01,70.16,127.4,,64.16,30.22,48.16,1.63
635,MH009,"Kurla, Mumbai - MPCB",2021-03-02,71.25,160.68,,37.42,28.02,46.19,1.45
636,MH009,"Kurla, Mumbai - MPCB",2021-03-03,71.18,127.19,,71.24,27.67,44.49,1.38
637,MH009,"Kurla, Mumbai - MPCB",2021-03-04,79.32,147.4,,50.31,28.22,46.67,1.3
638,MH009,"Kurla, Mumbai - MPCB",2021-03-05,87.82,180.4,,31.0,27.66,57.4,1.34
639,MH009,"Kurla, Mumbai - MPCB",2021-03-06,58.77,103.95,,13.37,26.29,75.5,1.41
640,MH009,"Kurla, Mumbai - MPCB",2021-03-07,52.4,105.92,,20.25,27.36,54.44,1.2
641,MH009,"Kurla, Mumbai - MPCB",2021-03-08,53.87,117.83,,16.08,26.91,52.39,1.24
642,MH009,"Kurla, Mumbai - MPCB",2021-03-09,62.53,104.66,,35.76,27.65,55.73,1.52
643,MH009,"Kurla, Mumbai - MPCB",2021-03-10,69.88,128.26,,26.08,27.28,59.36,1.53
644,MH009,"Kurla, Mumbai - MPCB",2021-03-11,49.21,75.61,,17.3,26.34,65.5,1.56
645,MH009,"Kurla, Mumbai - MPCB",2021-03-12,44.09,86.4,,21.03,26.97,58.66,1.32
646,MH009,"Kurla, Mumbai - MPCB",2021-03-13,70.97,87.18,,56.54,28.0,51.89,1.7
647,MH009,"Kurla, Mumbai - MPCB",2021-03-14,74.64,119.53,,49.27,28.36,45.19,1.2
648,MH009,"Kurla, Mumbai - MPCB",2021-03-15,69.98,104.28,,52.93,28.94,45.19,1.45
649,MH009,"Kurla, Mumbai - MPCB",2021-03-16,68.44,144.94,,22.8,27.36,44.96,1.01
650,MH009,"Kurla, Mumbai - MPCB",2021-03-17,71.86,81.12,,64.95,28.84,47.52,1.75
651,MH009,"Kurla, Mumbai - MPCB",2021-03-18,60.88,114.14,,31.72,28.0,58.06,1.64
652,MH009,"Kurla, Mumbai - MPCB",2021-03-19,47.55,87.0,,24.43,27.04,58.28,1.52
653,MH009,"Kurla, Mumbai - MPCB",2021-03-20,51.7,65.55,,14.83,26.51,65.9,1.79
654,MH009,"Kurla, Mumbai - MPCB",2021-03-21,56.52,77.91,,26.79,26.57,68.97,1.26
655,MH009,"Kurla, Mumbai - MPCB",2021-03-22,51.13,78.37,,22.91,27.16,69.39,1.35
656,MH009,"Kurla, Mumbai - MPCB",2021-03-23,67.59,112.15,,36.54,28.33,52.19,1.25
657,MH009,"Kurla, Mumbai - MPCB",2021-03-24,96.86,125.31,,71.22,29.54,49.0,1.55
658,MH009,"Kurla, Mumbai - MPCB",2021-03-25,83.54,111.04,,44.4,29.78,39.19,1.91
659,MH009,"Kurla, Mumbai - MPCB",2021-03-26,67.28,68.68,,117.58,35.91,20.31,1.7
660,MH009,"Kurla, Mumbai - MPCB",2021-03-27,77.52,253.58,,41.26,30.64,29.4,1.06
661,MH009,"Kurla, Mumbai - MPCB",2021-03-28,82.48,141.0,,18.58,27.85,62.86,1.15
662,MH009,"Kurla, Mumbai - MPCB",2021-03-29,46.87,47.06,,18.53,27.39,74.52,1.39
663,MH009,"Kurla, Mumbai - MPCB",2021-03-30,16.17,64.09,,10.85,27.17,71.84,1.3
664,MH009,"Kurla, Mumbai - MPCB",2021-03-31,17.98,74.79,,5.6,26.37,73.93,1.39
665,MH009,"Kurla, Mumbai - MPCB",2021-04-01,30.55,72.54,,4.92,26.96,75.52,1.35
666,MH009,"Kurla, Mumbai - MPCB",2021-04-02,38.01,67.4,,10.86,26.76,71.3,1.35
667,MH009,"Kurla, Mumbai - MPCB",2021-04-03,27.35,67.59,,8.63,26.31,74.07,1.23
668,MH009,"Kurla, Mumbai - MPCB",2021-04-04,18.49,41.27,,11.99,26.96,73.43,1.65
669,MH009,"Kurla, Mumbai - MPCB",2021-04-05,19.2,45.7,,11.43,27.18,72.78,1.65
670,MH009,"Kurla, Mumbai - MPCB",2021-04-06,39.14,77.85,,25.5,28.92,56.85,1.4
671,MH009,"Kurla, Mumbai - MPCB",2021-04-07,33.27,63.0,,18.04,28.47,65.42,1.47
672,MH009,"Kurla, Mumbai - MPCB",2021-04-08,21.52,66.96,,8.48,27.3,75.24,1.22
673,MH009,"Kurla, Mumbai - MPCB",2021-04-09,33.3,69.17,,11.64,27.04,76.97,1.44
674,MH009,"Kurla, Mumbai - MPCB",2021-04-10,37.8,60.08,,15.24,27.26,75.71,1.51
675,MH009,"Kurla, Mumbai - MPCB",2021-04-11,26.39,45.2,,22.0,27.93,72.96,1.43
676,MH009,"Kurla, Mumbai - MPCB",2021-04-12,30.63,59.65,,13.21,28.76,69.95,1.35
677,MH009,"Kurla, Mumbai - MPCB",2021-04-13,44.45,63.47,,14.63,29.0,69.95,1.42
678,MH009,"Kurla, Mumbai - MPCB",2021-04-14,33.05,53.92,,18.78,29.05,72.36,1.21
679,MH009,"Kurla, Mumbai - MPCB",2021-04-15,31.22,61.28,,15.07,26.56,80.56,0.75
680,MH009,"Kurla, Mumbai - MPCB",2021-04-16,25.26,55.3,,11.91,27.62,73.68,1.56
681,MH009,"Kurla, Mumbai - MPCB",2021-04-17,17.98,43.48,,10.6,27.17,76.08,1.45
682,MH009,"Kurla, Mumbai - MPCB",2021-04-18,23.84,43.72,,15.28,28.79,74.41,1.47
683,MH009,"Kurla, Mumbai - MPCB",2021-04-19,24.26,41.94,,10.34,28.23,75.74,1.58
684,MH009,"Kurla, Mumbai - MPCB",2021-04-20,15.64,59.0,,6.11,27.88,74.71,1.63
685,MH009,"Kurla, Mumbai - MPCB",2021-04-21,17.59,60.76,,7.67,28.81,71.5,2.18
686,MH009,"Kurla, Mumbai - MPCB",2021-04-22,19.07,31.19,,13.8,27.7,73.92,1.49
687,MH009,"Kurla, Mumbai - MPCB",2021-04-23,21.93,50.24,,15.77,28.26,65.2,1.44
688,MH009,"Kurla, Mumbai - MPCB",2021-04-24,22.1,44.7,,16.43,27.4,72.89,1.66
689,MH009,"Kurla, Mumbai - MPCB",2021-04-25,23.94,47.69,,13.57,29.02,69.25,1.5
690,MH009,"Kurla, Mumbai - MPCB",2021-04-26,48.9,39.08,,13.28,28.97,77.66,1.4
691,MH009,"Kurla, Mumbai - MPCB",2021-04-27,36.98,57.47,,7.24,28.22,76.41,1.07
692,MH009,"Kurla, Mumbai - MPCB",2021-04-28,33.55,50.85,,8.69,28.66,73.6,1.63
693,MH009,"Kurla, Mumbai - MPCB",2021-04-29,16.52,52.6,,7.02,28.59,74.53,1.48
694,MH009,"Kurla, Mumbai - MPCB",2021-04-30,,43.91,,3.8,28.39,76.7,1.56
695,MH009,"Kurla, Mumbai - MPCB",2021-05-01,,36.25,11.96,7.84,29.34,70.6,1.63
696,MH009,"Kurla, Mumbai - MPCB",2021-05-02,,49.72,10.88,6.95,28.81,71.51,1.23
697,MH009,"Kurla, Mumbai - MPCB",2021-05-03,,54.93,12.18,19.37,29.17,69.39,1.45
698,MH009,"Kurla, Mumbai - MPCB",2021-05-04,,53.03,13.5,11.29,29.42,71.59,1.58
699,MH009,"Kurla, Mumbai - MPCB",2021-05-05,,43.83,13.88,4.98,29.14,76.57,1.62
700,MH009,"Kurla, Mumbai - MPCB",2021-05-06,,39.59,14.27,2.06,28.69,77.64,1.4
701,MH009,"Kurla, Mumbai - MPCB",2021-05-07,,50.2,15.01,2.79,28.85,76.32,1.49
702,MH009,"Kurla, Mumbai - MPCB",2021-05-08,,46.26,15.75,2.45,29.07,75.6,1.46
703,MH009,"Kurla, Mumbai - MPCB",2021-05-09,,42.75,18.33,3.31,29.65,72.98,1.49
704,MH009,"Kurla, Mumbai - MPCB",2021-05-10,106.85,39.53,22.37,3.54,29.07,71.68,1.5
705,MH009,"Kurla, Mumbai - MPCB",2021-05-11,30.03,48.9,47.76,1.41,28.43,72.6,1.6
706,MH009,"Kurla, Mumbai - MPCB",2021-05-12,28.01,53.04,57.36,2.06,28.85,69.06,1.53
707,MH009,"Kurla, Mumbai - MPCB",2021-05-13,26.04,43.4,69.39,4.22,28.69,68.43,1.57
708,MH009,"Kurla, Mumbai - MPCB",2021-05-14,22.04,28.11,74.49,8.35,28.65,71.25,1.85
709,MH009,"Kurla, Mumbai - MPCB",2021-05-15,41.61,27.45,80.43,20.0,30.18,64.49,1.99
710,MH009,"Kurla, Mumbai - MPCB",2021-05-16,18.79,26.09,83.79,13.76,29.64,66.18,2.83
711,MH009,"Kurla, Mumbai - MPCB",2021-05-17,7.92,12.29,81.27,8.39,24.26,88.13,4.75
712,MH009,"Kurla, Mumbai - MPCB",2021-05-18,15.3,14.19,44.71,2.93,27.27,86.93,2.37
713,MH009,"Kurla, Mumbai - MPCB",2021-05-19,20.47,34.84,15.25,3.3,26.24,87.55,1.35
714,MH009,"Kurla, Mumbai - MPCB",2021-05-20,36.1,55.7,21.65,1.58,27.67,79.46,1.07
715,MH009,"Kurla, Mumbai - MPCB",2021-05-21,40.48,50.32,13.25,13.93,28.11,77.15,1.25
716,MH009,"Kurla, Mumbai - MPCB",2021-05-22,36.47,55.51,18.22,20.58,28.62,74.66,1.13
717,MH009,"Kurla, Mumbai - MPCB",2021-05-23,26.48,35.62,24.24,20.9,28.51,75.94,1.53
718,MH009,"Kurla, Mumbai - MPCB",2021-05-24,26.24,32.37,15.81,21.04,28.63,76.29,1.87
719,MH009,"Kurla, Mumbai - MPCB",2021-05-25,29.13,50.02,9.19,21.27,28.65,76.96,1.99
720,MH009,"Kurla, Mumbai - MPCB",2021-05-26,28.53,55.08,9.44,20.96,28.82,72.23,1.63
721,MH009,"Kurla, Mumbai - MPCB",2021-05-27,23.97,55.88,8.9,21.0,28.71,76.0,1.68
722,MH009,"Kurla, Mumbai - MPCB",2021-05-28,21.06,56.47,11.05,21.97,28.93,77.18,1.49
723,MH009,"Kurla, Mumbai - MPCB",2021-05-29,22.8,48.24,17.38,25.84,27.98,81.83,0.7
724,MH009,"Kurla, Mumbai - MPCB",2021-05-30,25.54,45.42,13.07,25.78,30.12,70.92,1.57
725,MH009,"Kurla, Mumbai - MPCB",2021-05-31,25.53,54.88,11.98,26.3,27.39,82.1,1.54
726,MH009,"Kurla, Mumbai - MPCB",2021-06-01,20.92,52.8,11.7,26.1,28.93,77.92,1.48
727,MH009,"Kurla, Mumbai - MPCB",2021-06-02,25.52,47.77,13.36,26.43,29.57,75.77,1.23
728,MH009,"Kurla, Mumbai - MPCB",2021-06-03,22.02,58.33,12.88,26.88,29.97,67.76,1.57
729,MH009,"Kurla, Mumbai - MPCB",2021-06-04,18.82,49.2,12.18,26.76,28.34,72.1,1.6
730,MH009,"Kurla, Mumbai - MPCB",2021-06-05,29.06,70.58,10.71,27.63,27.53,75.69,1.5
731,MH009,"Kurla, Mumbai - MPCB",2021-06-06,22.24,75.1,10.55,26.58,26.64,79.97,1.4
732,MH009,"Kurla, Mumbai - MPCB",2021-06-07,19.83,57.73,10.23,26.21,26.67,81.94,1.26
733,MH009,"Kurla, Mumbai - MPCB",2021-06-08,18.05,61.52,10.91,26.18,25.69,88.25,1.18
734,MH009,"Kurla, Mumbai - MPCB",2021-06-09,9.79,48.91,26.05,26.9,22.96,99.29,2.06
735,MH009,"Kurla, Mumbai - MPCB",2021-06-10,26.56,91.61,19.73,27.6,23.07,96.04,1.47
736,MH009,"Kurla, Mumbai - MPCB",2021-06-11,12.56,51.26,19.9,26.18,23.46,98.71,1.95
737,MH009,"Kurla, Mumbai - MPCB",2021-06-12,12.98,62.09,16.72,26.07,24.4,96.35,1.9
738,MH009,"Kurla, Mumbai - MPCB",2021-06-13,15.94,48.23,9.92,25.99,26.79,88.19,1.45
739,MH009,"Kurla, Mumbai - MPCB",2021-06-14,32.22,74.69,10.81,30.42,28.35,80.36,1.42
740,MH009,"Kurla, Mumbai - MPCB",2021-06-15,19.58,54.25,8.03,28.24,26.06,90.14,1.34
741,MH009,"Kurla, Mumbai - MPCB",2021-06-16,13.97,47.88,6.75,26.26,24.11,95.44,1.64
742,MH009,"Kurla, Mumbai - MPCB",2021-06-17,34.03,51.46,5.11,18.16,24.09,97.09,1.65
743,MH009,"Kurla, Mumbai - MPCB",2021-06-18,33.02,68.74,4.89,14.24,26.32,90.23,1.92
744,MH009,"Kurla, Mumbai - MPCB",2021-06-19,31.49,58.03,5.7,8.03,25.3,88.42,1.73
745,MH009,"Kurla, Mumbai - MPCB",2021-06-20,52.65,56.56,8.01,8.19,27.01,84.6,1.82
746,MH009,"Kurla, Mumbai - MPCB",2021-06-21,42.13,53.44,7.63,8.19,26.32,87.19,1.95
747,MH009,"Kurla, Mumbai - MPCB",2021-06-22,37.43,63.15,8.63,8.2,27.5,82.99,1.88
748,MH009,"Kurla, Mumbai - MPCB",2021-06-23,38.46,63.43,8.09,7.86,27.64,81.22,1.82
749,MH009,"Kurla, Mumbai - MPCB",2021-06-24,33.06,59.42,9.23,8.23,26.51,85.31,1.54
750,MH009,"Kurla, Mumbai - MPCB",2021-06-25,21.43,69.43,11.15,8.08,24.44,91.71,1.5
751,MH009,"Kurla, Mumbai - MPCB",2021-06-26,49.37,59.34,10.89,8.02,27.96,78.9,2.67
752,MH009,"Kurla, Mumbai - MPCB",2021-06-27,19.37,42.62,9.81,8.1,24.98,90.19,1.48
753,MH009,"Kurla, Mumbai - MPCB",2021-06-28,27.23,56.16,10.38,8.4,25.91,86.08,1.28
754,MH009,"Kurla, Mumbai - MPCB",2021-06-29,33.83,62.22,10.91,8.09,27.46,80.85,1.15
755,MH009,"Kurla, Mumbai - MPCB",2021-06-30,25.6,58.53,9.98,8.19,26.4,87.32,1.52
